external_id;name;description;price;brand;category;subcategory;gender;photos
_dh5rSnhk9tSNKWwiFtFu6Gp-iYV3j3kj984wCYg;;96113 Berluti*2026New New·新款西裤 颜色 咖 码数48-56;0;;lrg3k8cd5bgw3jv;;Для мужчин;"[""https://xcimg.szwego.com/img/db8ac2c4/20260424/i1777007790018_4138_0_0.jpg"", ""https://xcimg.szwego.com/img/db8ac2c4/20260424/i1777007792100_8685_0_1.jpg"", ""https://xcimg.szwego.com/img/db8ac2c4/20260424/i1777007790070_4587_0_3.jpg"", ""https://xcimg.szwego.com/img/db8ac2c4/20260424/i1777007791551_4871_0_4.jpg"", ""https://xcimg.szwego.com/img/db8ac2c4/20260424/i1777007790093_2550_0_5.jpg"", ""https://xcimg.szwego.com/img/db8ac2c4/20260424/i1777007790043_9175_0_2.jpg""]"
_dnyrSo4V50YaryCU2lKoEyfN_nclCQoQNu0U4yw;;75016 BC*2026New New·新款短袖 颜色 白 黑 灰 藏青 杏 驼 码数 48-56;0;;lrg3k8cd5bgw3jv;;Для мужчин;"[""https://xcimg.szwego.com/img/db8ac2c4/20260424/i1777007413776_2767_0_0.jpg"", ""https://xcimg.szwego.com/img/db8ac2c4/20260424/i1777007412140_7489_0_1.jpg"", ""https://xcimg.szwego.com/img/db8ac2c4/20260424/i1777007412256_5471_0_2.jpg"", ""https://xcimg.szwego.com/img/db8ac2c4/20260424/i1777007412253_739_0_3.jpg"", ""https://xcimg.szwego.com/img/db8ac2c4/20260424/i1777007413782_1328_0_4.jpg"", ""https://xcimg.szwego.com/img/db8ac2c4/20260424/i1777007413785_5041_0_5.jpg"", ""https://xcimg.szwego.com/img/db8ac2c4/20260424/i1777007413903_8384_0_6.jpg"", ""https://xcimg.szwego.com/img/db8ac2c4/20260424/i1777007412241_1188_0_7.jpg"", ""https://xcimg.szwego.com/img/db8ac2c4/20260424/i1777007412140_1567_0_8.jpg"", ""https://xcimg.szwego.com/img/db8ac2c4/20260424/i1777007416317_1987_0_9.jpg"", ""https://xcimg.szwego.com/img/db8ac2c4/20260424/i1777007416274_4298_0_10.jpg""]"
_dlJrSIyhl74umoURaBbgk1C6LCLoODfodmoFccQ;;1N71785 LP*2026New New·新款牛仔裤 颜色 蓝色 码数30-31-32-33-34-36-38;0;;lrg3k8cd5bgw3jv;;Для мужчин;"[""https://xcimg.szwego.com/img/db8ac2c4/20260402/i1775109182084_8167_0_0.jpg"", ""https://xcimg.szwego.com/img/db8ac2c4/20260402/i1775109186080_5932_0_1.jpg"", ""https://xcimg.szwego.com/img/db8ac2c4/20260402/i1775109184363_4567_0_2.jpg"", ""https://xcimg.szwego.com/img/db8ac2c4/20260402/i1775109182009_816_0_3.jpg"", ""https://xcimg.szwego.com/img/db8ac2c4/20260402/i1775109181772_5317_0_4.jpg"", ""https://xcimg.szwego.com/img/db8ac2c4/20260402/i1775109182041_8988_0_5.jpg""]"
_dBLrSK4mBFQfz6j92sDmkltFIBvvQ1W2lWgbuFw;;2N70620 BC*2026New New·新款牛仔裤 颜色 米色 码数30-31-32-33-34-36-38;0;;lrg3k8cd5bgw3jv;;Для мужчин;"[""https://xcimg.szwego.com/img/db8ac2c4/20260113/i1768287270427_7831_0_0.jpg"", ""https://xcimg.szwego.com/img/db8ac2c4/20260113/i1768287270433_4069_0_4.jpg"", ""https://xcimg.szwego.com/img/db8ac2c4/20260113/i1768287270138_3248_0_2.jpg"", ""https://xcimg.szwego.com/img/db8ac2c4/20260113/i1768287270188_229_0_3.jpg"", ""https://xcimg.szwego.com/img/db8ac2c4/20260113/i1768287271752_8798_0_5.jpg"", ""https://xcimg.szwego.com/img/db8ac2c4/20260113/i1768287324275_6897_0_5.jpg""]"
_dxqrSmX9QPpN71yFmzFX6TNP37MWCRbYuH75dbQ;;2N71320 LP*2026New New·新款牛仔裤 颜色 浅蓝 码数30-31-32-33-34-36-38;0;;lrg3k8cd5bgw3jv;;Для мужчин;"[""https://xcimg.szwego.com/img/db8ac2c4/20260113/i1768286331753_7814_0_0.jpg"", ""https://xcimg.szwego.com/img/db8ac2c4/20260113/i1768286331720_2825_0_3.jpg"", ""https://xcimg.szwego.com/img/db8ac2c4/20260113/i1768286331564_6074_0_1.jpg"", ""https://xcimg.szwego.com/img/db8ac2c4/20260113/i1768286332825_2494_0_2.jpg"", ""https://xcimg.szwego.com/img/db8ac2c4/20260113/i1768286331622_1144_0_5.jpg"", ""https://xcimg.szwego.com/img/db8ac2c4/20260113/i1768286331590_861_0_4.jpg""]"
_dc6rSpq0B1WPq8b5xkd0jr_b_hddL0zirpe_OQg;;1N72385 BC*2026New New·新款牛仔裤 颜色 蓝色 码数30-31-32-33-34-36-38;0;;lrg3k8cd5bgw3jv;;Для мужчин;"[""https://xcimg.szwego.com/img/db8ac2c4/20260113/i1768287708387_6795_0_0.jpg"", ""https://xcimg.szwego.com/img/db8ac2c4/20260113/i1768287708415_7914_0_3.jpg"", ""https://xcimg.szwego.com/img/db8ac2c4/20260113/i1768287708036_5119_0_1.jpg"", ""https://xcimg.szwego.com/img/db8ac2c4/20260113/i1768287709655_1148_0_2.jpg"", ""https://xcimg.szwego.com/img/db8ac2c4/20260113/i1768287708222_3316_0_4.jpg"", ""https://xcimg.szwego.com/img/db8ac2c4/20260113/i1768287708187_9665_0_5.jpg""]"
_dfWrSC09mRSr9rnu0a0Kior4Fvc1WAJdTqPaHwg;;36197 杰尼亚*2026New New·新款休闲长裤 颜色 白 卡其 藏青 码数 48-56;0;;lrg3k8cd5bgw3jv;;Для мужчин;"[""https://xcimg.szwego.com/img/db8ac2c4/20260331/i1774937280201_620_0_0.jpg"", ""https://xcimg.szwego.com/img/db8ac2c4/20260331/i1774937279085_3445_0_1.jpg"", ""https://xcimg.szwego.com/img/db8ac2c4/20260331/i1774937280285_47_0_2.jpg"", ""https://xcimg.szwego.com/img/db8ac2c4/20260331/i1774937279113_3750_0_3.jpg"", ""https://xcimg.szwego.com/img/db8ac2c4/20260331/i1774937279055_990_0_4.jpg"", ""https://xcimg.szwego.com/img/db8ac2c4/20260331/i1774937279106_7040_0_5.jpg"", ""https://xcimg.szwego.com/img/db8ac2c4/20260331/i1774937280309_3999_0_6.jpg"", ""https://xcimg.szwego.com/img/db8ac2c4/20260331/i1774937280316_2245_0_7.jpg"", ""https://xcimg.szwego.com/img/db8ac2c4/20260331/i1774937279083_1213_0_8.jpg""]"
_dFErSQ7a1X3p3OhMwKTv_I19r-mpnIbc-aRD5jA;;27703620 LP*2026New New·新款休闲裤 颜色 白 卡其 咖 克 码数30-31-32-33-34-36-38;0;;lrg3k8cd5bgw3jv;;Для мужчин;"[""https://xcimg.szwego.com/img/db8ac2c4/20260202/i1770005971889_8232_0_0.jpg"", ""https://xcimg.szwego.com/img/db8ac2c4/20260202/i1770005973637_6464_0_1.jpg"", ""https://xcimg.szwego.com/img/db8ac2c4/20260202/i1770005973664_501_0_2.jpg"", ""https://xcimg.szwego.com/img/db8ac2c4/20260202/i1770005971904_3237_0_4.jpg"", ""https://xcimg.szwego.com/img/db8ac2c4/20260202/i1770005973767_7242_0_5.jpg"", ""https://xcimg.szwego.com/img/db8ac2c4/20260202/i1770005971844_460_0_3.jpg"", ""https://xcimg.szwego.com/img/db8ac2c4/20260202/i1770005973647_6264_0_6.jpg"", ""https://xcimg.szwego.com/img/db8ac2c4/20260202/i1770005971934_965_0_7.jpg"", ""https://xcimg.szwego.com/img/db8ac2c4/20260202/i1770005971890_7911_0_8.jpg""]"
_drsrSu20ivf_FGWWG9Pq9rdm0tkwbHJMhChMx8A;;36199 LP*2026New New·新款裤子 颜色 米 黑 码数 48-56;0;;lrg3k8cd5bgw3jv;;Для мужчин;"[""https://xcimg.szwego.com/img/db8ac2c4/20260420/i1776663719763_5979_0_0.jpg"", ""https://xcimg.szwego.com/img/db8ac2c4/20260420/i1776663718764_1940_0_1.jpg"", ""https://xcimg.szwego.com/img/db8ac2c4/20260420/i1776663718803_7634_0_2.jpg"", ""https://xcimg.szwego.com/img/db8ac2c4/20260420/i1776663718788_3648_0_3.jpg"", ""https://xcimg.szwego.com/img/db8ac2c4/20260420/i1776663718888_5300_0_4.jpg"", ""https://xcimg.szwego.com/img/db8ac2c4/20260420/i1776663718606_197_0_5.jpg""]"
_dsWrSOCPXwef8ECvKnK1_4hCg2FPj6L3KzG9pEQ;;96111 布鲁提*2026New New·新款亚麻裤子 颜色 米 咖 码数 48-56;0;;lrg3k8cd5bgw3jv;;Для мужчин;"[""https://xcimg.szwego.com/img/db8ac2c4/20260420/i1776663257625_5436_0_0.jpg"", ""https://xcimg.szwego.com/img/db8ac2c4/20260420/i1776663256424_6362_0_1.jpg"", ""https://xcimg.szwego.com/img/db8ac2c4/20260420/i1776663256583_6792_0_2.jpg"", ""https://xcimg.szwego.com/img/db8ac2c4/20260420/i1776663256567_8935_0_3.jpg"", ""https://xcimg.szwego.com/img/db8ac2c4/20260420/i1776663256688_8019_0_4.jpg"", ""https://xcimg.szwego.com/img/db8ac2c4/20260420/i1776663256624_2140_0_5.jpg""]"
_ds-rSaAMaWMxQS17vfxuiAwXz26KfCAxH7mXRVA;;29611220 LP*2026New New·新款亚麻休闲裤 颜色 米 码数 48-56（M-3XL）;0;;lrg3k8cd5bgw3jv;;Для мужчин;"[""https://xcimg.szwego.com/img/db8ac2c4/20260416/i1776314633166_2290_0_0.jpg"", ""https://xcimg.szwego.com/img/db8ac2c4/20260416/i1776314633120_5474_0_1.jpg"", ""https://xcimg.szwego.com/img/db8ac2c4/20260416/i1776314634878_3043_0_2.jpg"", ""https://xcimg.szwego.com/img/db8ac2c4/20260416/i1776314633088_7520_0_4.jpg"", ""https://xcimg.szwego.com/img/db8ac2c4/20260416/i1776314633036_5118_0_5.jpg"", ""https://xcimg.szwego.com/img/db8ac2c4/20260416/i1776314633025_677_0_3.jpg""]"
_dx9rS8ODog-6NqO-EsIOzCr-yXSE2o5YqqIJTQA;;29610220 LP*2026New New·新款亚麻休闲裤 颜色 黑 码数 48-56（M-3XL）;0;;lrg3k8cd5bgw3jv;;Для мужчин;"[""https://xcimg.szwego.com/img/db8ac2c4/20260309/i1773034748286_9693_0_0.jpg"", ""https://xcimg.szwego.com/img/db8ac2c4/20260309/i1773034748286_7912_0_1.jpg"", ""https://xcimg.szwego.com/img/db8ac2c4/20260309/i1773034748358_9833_0_2.jpg"", ""https://xcimg.szwego.com/img/db8ac2c4/20260309/i1773034748301_5274_0_3.jpg"", ""https://xcimg.szwego.com/img/db8ac2c4/20260309/i1773034749578_8289_0_4.jpg"", ""https://xcimg.szwego.com/img/db8ac2c4/20260309/i1773034748366_9430_0_5.jpg""]"
_dt3rSSO15Vsi4Nbe_S9Wyru4ia3M8upGsmgWTbA;;29610520 Kiton*2026New New·新款亚麻休闲裤 颜色 米 码数 48-56（M-3XL）;0;;lrg3k8cd5bgw3jv;;Для мужчин;"[""https://xcimg.szwego.com/img/db8ac2c4/20260309/i1773035017682_2290_0_0.jpg"", ""https://xcimg.szwego.com/img/db8ac2c4/20260309/i1773035017881_5989_0_3.jpg"", ""https://xcimg.szwego.com/img/db8ac2c4/20260309/i1773035017603_5741_0_1.jpg"", ""https://xcimg.szwego.com/img/db8ac2c4/20260309/i1773035017491_4288_0_2.jpg"", ""https://xcimg.szwego.com/img/db8ac2c4/20260309/i1773035020237_8957_0_4.jpg"", ""https://xcimg.szwego.com/img/db8ac2c4/20260309/i1773035019686_6479_0_5.jpg""]"
_dwkrSDgq2YiNe7SohH28KS49BKLtShPQpNI2NaA;;29610820 LP*2026New New·新款亚麻休闲裤 颜色 白 咖 码数 48-56（M-3XL）;0;;lrg3k8cd5bgw3jv;;Для мужчин;"[""https://xcimg.szwego.com/img/db8ac2c4/20260305/i1772684697762_6755_0_0.jpg"", ""https://xcimg.szwego.com/img/db8ac2c4/20260305/i1772684698846_2355_0_1.jpg"", ""https://xcimg.szwego.com/img/db8ac2c4/20260305/i1772684697794_3332_0_2.jpg"", ""https://xcimg.szwego.com/img/db8ac2c4/20260305/i1772684697922_1182_0_4.jpg"", ""https://xcimg.szwego.com/img/db8ac2c4/20260305/i1772684697872_2104_0_5.jpg"", ""https://xcimg.szwego.com/img/db8ac2c4/20260305/i1772684697806_197_0_3.jpg""]"
_dAZrSuSMaXDmqpXUsN0ed-787jdYPPUT-xYMIiQ;;27200820 LP*2026New New·新款麻料裤子 颜色 米 灰 杏 黑 码数 48-56（M-3XL）;0;;lrg3k8cd5bgw3jv;;Для мужчин;"[""https://xcimg.szwego.com/img/db8ac2c4/20260209/i1770612154963_4627_0_0.jpg"", ""https://xcimg.szwego.com/img/db8ac2c4/20260209/i1770612154942_6564_0_1.jpg"", ""https://xcimg.szwego.com/img/db8ac2c4/20260209/i1770612155029_9364_0_2.jpg"", ""https://xcimg.szwego.com/img/db8ac2c4/20260209/i1770612156319_618_0_3.jpg"", ""https://xcimg.szwego.com/img/db8ac2c4/20260209/i1770612156325_6607_0_4.jpg"", ""https://xcimg.szwego.com/img/db8ac2c4/20260209/i1770612154846_9590_0_5.jpg"", ""https://xcimg.szwego.com/img/db8ac2c4/20260209/i1770612154780_365_0_6.jpg"", ""https://xcimg.szwego.com/img/db8ac2c4/20260209/i1770612156321_8276_0_7.jpg"", ""https://xcimg.szwego.com/img/db8ac2c4/20260209/i1770612156201_5235_0_8.jpg""]"
_dmcrSj4Dx1Si4aJvVnx6-fwLJzmN9zOJUiw4SPw;;16803495 LP*2026New New·新款休闲裤 颜色 米 黑 码数48-56;0;;lrg3k8cd5bgw3jv;;Для мужчин;"[""https://xcimg.szwego.com/img/db8ac2c4/20260125/i1769315613823_7679_0_0.jpg"", ""https://xcimg.szwego.com/img/db8ac2c4/20260125/i1769315613785_6111_0_1.jpg"", ""https://xcimg.szwego.com/img/db8ac2c4/20260125/i1769315613807_1509_0_3.jpg"", ""https://xcimg.szwego.com/img/db8ac2c4/20260125/i1769315613750_8620_0_5.jpg"", ""https://xcimg.szwego.com/img/db8ac2c4/20260125/i1769315615434_9889_0_4.jpg"", ""https://xcimg.szwego.com/img/db8ac2c4/20260125/i1769315613754_2273_0_2.jpg""]"
_djHrSzW3J4KqEBIDcFa28O-86EBEH_AUzrPbo7Q;;17200995 LP*2026New New·新款休闲裤 颜色 白 杏 绿 蓝 黑 码数48-58;0;;lrg3k8cd5bgw3jv;;Для мужчин;"[""https://xcimg.szwego.com/img/db8ac2c4/20260202/i1770007952896_1065_0_0.jpg"", ""https://xcimg.szwego.com/img/db8ac2c4/20260202/i1770007954307_3209_0_1.jpg"", ""https://xcimg.szwego.com/img/db8ac2c4/20260202/i1770007954333_5417_0_7.jpg"", ""https://xcimg.szwego.com/img/db8ac2c4/20260202/i1770007952952_8686_0_2.jpg"", ""https://xcimg.szwego.com/img/db8ac2c4/20260202/i1770007954381_3872_0_3.jpg"", ""https://xcimg.szwego.com/img/db8ac2c4/20260202/i1770007952807_2037_0_4.jpg"", ""https://xcimg.szwego.com/img/db8ac2c4/20260202/i1770007952947_6037_0_5.jpg"", ""https://xcimg.szwego.com/img/db8ac2c4/20260202/i1770007954372_7524_0_6.jpg"", ""https://xcimg.szwego.com/img/db8ac2c4/20260202/i1770007952935_2266_0_8.jpg""]"
_dOxrSRJDoGhaAu0qtgmBKcLnCdRzE63yOoPv30Q;;22325220 LP*2026New New·新款短袖 颜色 杏 绿 紫 蓝 深蓝 黑 码数48-56;0;;lrg3k8cd5bgw3jv;;Для мужчин;"[""https://xcimg.szwego.com/img/db8ac2c4/20260423/i1776922477968_7064_0_0.jpg"", ""https://xcimg.szwego.com/img/db8ac2c4/20260423/i1776922479665_5914_0_1.jpg"", ""https://xcimg.szwego.com/img/db8ac2c4/20260423/i1776922477968_9881_0_8.jpg"", ""https://xcimg.szwego.com/img/db8ac2c4/20260423/i1776922477967_4433_0_2.jpg"", ""https://xcimg.szwego.com/img/db8ac2c4/20260423/i1776922479692_2287_0_3.jpg"", ""https://xcimg.szwego.com/img/db8ac2c4/20260423/i1776922477968_1681_0_4.jpg"", ""https://xcimg.szwego.com/img/db8ac2c4/20260423/i1776922479672_5368_0_5.jpg"", ""https://xcimg.szwego.com/img/db8ac2c4/20260423/i1776922477968_515_0_6.jpg"", ""https://xcimg.szwego.com/img/db8ac2c4/20260423/i1776922479685_1271_0_7.jpg""]"
_dpgrSQYWdMVQ_hYbWeHsdAt74PrThS7j_MbKH7w;;76009 ZEGNA*2026New New·新款西裤 颜色 浅蓝 浅咖 码数48-56;0;;lrg3k8cd5bgw3jv;;Для мужчин;"[""https://xcimg.szwego.com/img/db8ac2c4/20260423/i1776921493933_8032_0_0.jpg"", ""https://xcimg.szwego.com/img/db8ac2c4/20260423/i1776921492312_9981_0_1.jpg"", ""https://xcimg.szwego.com/img/db8ac2c4/20260423/i1776921492334_4843_0_2.jpg"", ""https://xcimg.szwego.com/img/db8ac2c4/20260423/i1776921492395_8040_0_4.jpg"", ""https://xcimg.szwego.com/img/db8ac2c4/20260423/i1776921492313_9769_0_3.jpg"", ""https://xcimg.szwego.com/img/db8ac2c4/20260423/i1776921492340_4546_0_5.jpg"", ""https://xcimg.szwego.com/img/db8ac2c4/20260423/i1776921523282_3508_0_6.jpg"", ""https://xcimg.szwego.com/img/db8ac2c4/20260423/i1776921523220_2252_0_7.jpg""]"
_dkrrSw_r39BCIUXoDzWuiH-_RjgdKcWmMQ9j5vA;;2N71530 LP*2026New New·新款牛仔裤 颜色：米色 码数30-31-32-33-34-36-38;0;;lrg3k8cd5bgw3jv;;Для мужчин;"[""https://xcimg.szwego.com/img/db8ac2c4/20260113/i1768283172040_2110_0_0.jpg"", ""https://xcimg.szwego.com/img/db8ac2c4/20260113/i1768283172200_2979_0_1.jpg"", ""https://xcimg.szwego.com/img/db8ac2c4/20260113/i1768283172979_4865_0_3.jpg"", ""https://xcimg.szwego.com/img/db8ac2c4/20260113/i1768283172988_8285_0_2.jpg"", ""https://xcimg.szwego.com/img/db8ac2c4/20260113/i1768283171944_2865_0_5.jpg"", ""https://xcimg.szwego.com/img/db8ac2c4/20260113/i1768283171978_5763_0_6.jpg"", ""https://xcimg.szwego.com/img/db8ac2c4/20260113/i1768283171980_1988_0_4.jpg"", ""https://xcimg.szwego.com/img/db8ac2c4/20260113/i1768283172864_6648_0_7.jpg""]"
_djtrSxm_6dwtDTny4BSb8MlgBkqqDMFR--VDO5w;;1N71685 LP*2026New New·新款牛仔裤 颜色 浅蓝 码数30-31-32-33-34-36-38;0;;lrg3k8cd5bgw3jv;;Для мужчин;"[""https://xcimg.szwego.com/img/db8ac2c4/20260123/i1769143911962_4153_0_0.jpg"", ""https://xcimg.szwego.com/img/db8ac2c4/20260123/i1769143912102_273_0_3.jpg"", ""https://xcimg.szwego.com/img/db8ac2c4/20260123/i1769143911891_7779_0_1.jpg"", ""https://xcimg.szwego.com/img/db8ac2c4/20260123/i1769143911794_4595_0_2.jpg"", ""https://xcimg.szwego.com/img/db8ac2c4/20260123/i1769143911931_1798_0_4.jpg"", ""https://xcimg.szwego.com/img/db8ac2c4/20260123/i1769143912756_420_0_5.jpg""]"
_dBCrSYf0Xk5f7JmV-PUmS3S6v5VG2XqBdqq7qbA;;1N71285 ZEGNA*2026New New·新款牛仔裤 颜色 浅蓝 码数30-31-32-33-34-36-38;0;;lrg3k8cd5bgw3jv;;Для мужчин;"[""https://xcimg.szwego.com/img/db8ac2c4/20260123/i1769142727977_397_0_0.jpg"", ""https://xcimg.szwego.com/img/db8ac2c4/20260123/i1769142728048_4209_0_5.jpg"", ""https://xcimg.szwego.com/img/db8ac2c4/20260123/i1769142727841_8827_0_1.jpg"", ""https://xcimg.szwego.com/img/db8ac2c4/20260123/i1769142727841_2290_0_2.jpg"", ""https://xcimg.szwego.com/img/db8ac2c4/20260123/i1769142727841_3225_0_3.jpg"", ""https://xcimg.szwego.com/img/db8ac2c4/20260123/i1769142729466_1479_0_4.jpg""]"
_dcarS754T_YuU2BNLjOHRx-1TmmYa5S9_YRyCPw;;17705385 Zegna*2026New New·新款麻料裤子 颜色 米 卡其 绿 红 蓝 黑 码数 48-56（M-3XL）;0;;lrg3k8cd5bgw3jv;;Для мужчин;"[""https://xcimg.szwego.com/img/db8ac2c4/20260128/i1769573058962_6196_0_0.jpg"", ""https://xcimg.szwego.com/img/db8ac2c4/20260128/i1769573058841_3301_0_1.jpg"", ""https://xcimg.szwego.com/img/db8ac2c4/20260128/i1769573059026_9701_0_2.jpg"", ""https://xcimg.szwego.com/img/db8ac2c4/20260128/i1769573060708_6442_0_3.jpg"", ""https://xcimg.szwego.com/img/db8ac2c4/20260128/i1769573059036_3802_0_4.jpg"", ""https://xcimg.szwego.com/img/db8ac2c4/20260128/i1769573060595_8174_0_5.jpg"", ""https://xcimg.szwego.com/img/db8ac2c4/20260128/i1769573058919_1888_0_6.jpg"", ""https://xcimg.szwego.com/img/db8ac2c4/20260128/i1769573060700_9806_0_7.jpg"", ""https://xcimg.szwego.com/img/db8ac2c4/20260128/i1769573060586_3515_0_8.jpg""]"
_dpnrS24yCL1aZeW4JhQAeecvctfLRjGv0NyOgQQ;;16803595 LP*2026New New·新款休闲裤 颜色 米 绿 黑 码数48-56;0;;lrg3k8cd5bgw3jv;;Для мужчин;"[""https://xcimg.szwego.com/img/db8ac2c4/20260125/i1769316897301_855_0_0.jpg"", ""https://xcimg.szwego.com/img/db8ac2c4/20260125/i1769316896247_4797_0_1.jpg"", ""https://xcimg.szwego.com/img/db8ac2c4/20260125/i1769316897228_5284_0_2.jpg"", ""https://xcimg.szwego.com/img/db8ac2c4/20260125/i1769316896357_9486_0_3.jpg"", ""https://xcimg.szwego.com/img/db8ac2c4/20260125/i1769316896316_1408_0_4.jpg"", ""https://xcimg.szwego.com/img/db8ac2c4/20260125/i1769316896183_3190_0_5.jpg"", ""https://xcimg.szwego.com/img/db8ac2c4/20260125/i1769316896294_1049_0_6.jpg"", ""https://xcimg.szwego.com/img/db8ac2c4/20260125/i1769316897264_9070_0_7.jpg"", ""https://xcimg.szwego.com/img/db8ac2c4/20260125/i1769316897232_302_0_8.jpg""]"
_danrS5GB2pgign7YQEM3qnXXZO9ljcLee8GT94Q;;26802710 BC*2026New New·新款休闲裤 颜色 米 黑 码数48-56;0;;lrg3k8cd5bgw3jv;;Для мужчин;"[""https://xcimg.szwego.com/img/db8ac2c4/20260125/i1769316301120_132_0_0.jpg"", ""https://xcimg.szwego.com/img/db8ac2c4/20260125/i1769316300805_9436_0_1.jpg"", ""https://xcimg.szwego.com/img/db8ac2c4/20260125/i1769316301768_4789_0_3.jpg"", ""https://xcimg.szwego.com/img/db8ac2c4/20260125/i1769316300913_7100_0_5.jpg"", ""https://xcimg.szwego.com/img/db8ac2c4/20260125/i1769316301030_4392_0_4.jpg"", ""https://xcimg.szwego.com/img/db8ac2c4/20260125/i1769316301069_5169_0_2.jpg""]"
_dq2rSgz4PCJYmQ1Nd82jALPdTupNhkBv9iRHxXQ;;26803320 LP*2026New New·新款麻料休闲裤 颜色 米 杏 黑 码数48-56;0;;lrg3k8cd5bgw3jv;;Для мужчин;"[""https://xcimg.szwego.com/img/db8ac2c4/20260119/i1768799982721_4223_0_0.jpg"", ""https://xcimg.szwego.com/img/db8ac2c4/20260119/i1768799982633_7250_0_1.jpg"", ""https://xcimg.szwego.com/img/db8ac2c4/20260119/i1768799982615_5435_0_2.jpg"", ""https://xcimg.szwego.com/img/db8ac2c4/20260119/i1768799982838_2210_0_5.jpg"", ""https://xcimg.szwego.com/img/db8ac2c4/20260119/i1768799983847_7774_0_6.jpg"", ""https://xcimg.szwego.com/img/db8ac2c4/20260119/i1768799983799_5307_0_7.jpg"", ""https://xcimg.szwego.com/img/db8ac2c4/20260119/i1768799982155_7600_0_4.jpg"", ""https://xcimg.szwego.com/img/db8ac2c4/20260119/i1768799983821_1737_0_3.jpg"", ""https://xcimg.szwego.com/img/db8ac2c4/20260119/i1768799983836_6914_0_8.jpg""]"
_dl5rSAQe0gZ5DZjlmH884fl3SMPS2RlBdmR5XMA;;96106 杰尼亚*2026New New·新款裤子 颜色 白 码数 M-3XL（48-56）;0;;lrg3k8cd5bgw3jv;;Для мужчин;"[""https://xcimg.szwego.com/img/db8ac2c4/20260313/i1773378883622_2840_0_0.jpg"", ""https://xcimg.szwego.com/img/db8ac2c4/20260313/i1773378884801_3822_0_2.jpg"", ""https://xcimg.szwego.com/img/db8ac2c4/20260313/i1773378883319_3905_0_1.jpg"", ""https://xcimg.szwego.com/img/db8ac2c4/20260313/i1773378883319_3015_0_3.jpg"", ""https://xcimg.szwego.com/img/db8ac2c4/20260313/i1773378883492_9855_0_4.jpg"", ""https://xcimg.szwego.com/img/db8ac2c4/20260313/i1773378883460_8545_0_5.jpg""]"
_dmMrSq4pq6PdrMonyMj4NKdjjRZMyYy5vBf_Rwg;;26803020 LP*2026New New·新款休闲裤 颜色 杏 黑 咖 码数 48-56（M-3XL）;0;;lrg3k8cd5bgw3jv;;Для мужчин;"[""https://xcimg.szwego.com/img/db8ac2c4/20260320/i1773980280933_6334_0_0.jpg"", ""https://xcimg.szwego.com/img/db8ac2c4/20260320/i1773980281090_9617_0_1.jpg"", ""https://xcimg.szwego.com/img/db8ac2c4/20260320/i1773980282993_7677_0_2.jpg"", ""https://xcimg.szwego.com/img/db8ac2c4/20260320/i1773980281878_1034_0_3.jpg"", ""https://xcimg.szwego.com/img/db8ac2c4/20260320/i1773980281815_2019_0_4.jpg"", ""https://xcimg.szwego.com/img/db8ac2c4/20260320/i1773980283174_557_0_5.jpg"", ""https://xcimg.szwego.com/img/db8ac2c4/20260320/i1773980280949_3930_0_6.jpg"", ""https://xcimg.szwego.com/img/db8ac2c4/20260320/i1773980283249_2786_0_7.jpg""]"
_djxrS_Uk82l8xU2FPrd4td5j-MQSZBRk88BCCtA;;29610940 BC*2026New New·新款亚麻休闲裤 颜色 蓝 码数 48-56（M-3XL）;0;;lrg3k8cd5bgw3jv;;Для мужчин;"[""https://xcimg.szwego.com/img/db8ac2c4/20260319/i1773898046820_9317_0_0.jpg"", ""https://xcimg.szwego.com/img/db8ac2c4/20260319/i1773898047113_7963_0_3.jpg"", ""https://xcimg.szwego.com/img/db8ac2c4/20260319/i1773898046853_6361_0_1.jpg"", ""https://xcimg.szwego.com/img/db8ac2c4/20260319/i1773898052051_2667_0_2.jpg"", ""https://xcimg.szwego.com/img/db8ac2c4/20260319/i1773898049561_5783_0_4.jpg"", ""https://xcimg.szwego.com/img/db8ac2c4/20260319/i1773898051575_723_0_5.jpg""]"
_diPrShTypSxzoq6WfrCO-EddTp4dug8TPoG_NaQ;;26802810 LP*2026New New·新款休闲裤 颜色 白 黑 咖 蓝 码数 48-56（M-3XL）;0;;lrg3k8cd5bgw3jv;;Для мужчин;"[""https://xcimg.szwego.com/img/db8ac2c4/20260318/i1773814534130_4484_0_0.jpg"", ""https://xcimg.szwego.com/img/db8ac2c4/20260318/i1773814535559_1591_0_1.jpg"", ""https://xcimg.szwego.com/img/db8ac2c4/20260318/i1773814535561_5675_0_2.jpg"", ""https://xcimg.szwego.com/img/db8ac2c4/20260318/i1773814534287_3142_0_3.jpg"", ""https://xcimg.szwego.com/img/db8ac2c4/20260318/i1773814534457_4369_0_4.jpg"", ""https://xcimg.szwego.com/img/db8ac2c4/20260318/i1773814534410_2164_0_5.jpg"", ""https://xcimg.szwego.com/img/db8ac2c4/20260318/i1773814534407_9853_0_6.jpg"", ""https://xcimg.szwego.com/img/db8ac2c4/20260318/i1773814535699_5201_0_7.jpg"", ""https://xcimg.szwego.com/img/db8ac2c4/20260318/i1773814535642_2947_0_8.jpg""]"
_dcYrS1X2iJvuduPqT1f-EceYAeL2M6ONfmbODsQ;;26803120 LP*2026New New·新款休闲裤 颜色 白 咖 黑 蓝 码数 48-56（M-3XL）;0;;lrg3k8cd5bgw3jv;;Для мужчин;"[""https://xcimg.szwego.com/img/db8ac2c4/20260318/i1773812599092_81_0_0.jpg"", ""https://xcimg.szwego.com/img/db8ac2c4/20260318/i1773812602154_1024_0_1.jpg"", ""https://xcimg.szwego.com/img/db8ac2c4/20260318/i1773812599092_4182_0_2.jpg"", ""https://xcimg.szwego.com/img/db8ac2c4/20260318/i1773812599172_6157_0_3.jpg"", ""https://xcimg.szwego.com/img/db8ac2c4/20260318/i1773812602767_4246_0_4.jpg"", ""https://xcimg.szwego.com/img/db8ac2c4/20260318/i1773812599195_9195_0_5.jpg"", ""https://xcimg.szwego.com/img/db8ac2c4/20260318/i1773812599347_1277_0_6.jpg"", ""https://xcimg.szwego.com/img/db8ac2c4/20260318/i1773812602507_928_0_7.jpg"", ""https://xcimg.szwego.com/img/db8ac2c4/20260318/i1773812602637_701_0_8.jpg""]"
_d8lrSz471YhgmQRf8mvW_l7s6buhwbwkIRh3nLw;;26803220 LP*2026New New·新款休闲裤 颜色 米 卡其 蓝 黑 码数48-56;0;;lrg3k8cd5bgw3jv;;Для мужчин;"[""https://xcimg.szwego.com/img/db8ac2c4/20260129/i1769661063413_5111_0_0.jpg"", ""https://xcimg.szwego.com/img/db8ac2c4/20260129/i1769661062285_1896_0_1.jpg"", ""https://xcimg.szwego.com/img/db8ac2c4/20260129/i1769661062181_2187_0_2.jpg"", ""https://xcimg.szwego.com/img/db8ac2c4/20260129/i1769661062320_7229_0_3.jpg"", ""https://xcimg.szwego.com/img/db8ac2c4/20260129/i1769661063530_8269_0_4.jpg"", ""https://xcimg.szwego.com/img/db8ac2c4/20260129/i1769661062481_6121_0_5.jpg"", ""https://xcimg.szwego.com/img/db8ac2c4/20260129/i1769661062560_7034_0_6.jpg"", ""https://xcimg.szwego.com/img/db8ac2c4/20260129/i1769661063515_3913_0_7.jpg"", ""https://xcimg.szwego.com/img/db8ac2c4/20260129/i1769661063319_8494_0_8.jpg""]"
_dx0rSqwYTQDuL2swoFWWYrvqqs70aEpnXo92kkg;;68026 BC*2026New New·新款休闲裤 颜色 白 黑 红 灰 蓝 码数48-56;0;;lrg3k8cd5bgw3jv;;Для мужчин;"[""https://xcimg.szwego.com/img/db8ac2c4/20260404/i1775280035191_5364_0_0.jpg"", ""https://xcimg.szwego.com/img/db8ac2c4/20260404/i1775280036758_9945_0_1.jpg"", ""https://xcimg.szwego.com/img/db8ac2c4/20260404/i1775280035237_7099_0_2.jpg"", ""https://xcimg.szwego.com/img/db8ac2c4/20260404/i1775280036886_6740_0_3.jpg"", ""https://xcimg.szwego.com/img/db8ac2c4/20260404/i1775280035318_6064_0_4.jpg"", ""https://xcimg.szwego.com/img/db8ac2c4/20260404/i1775280035343_9021_0_5.jpg"", ""https://xcimg.szwego.com/img/db8ac2c4/20260404/i1775280036782_3928_0_6.jpg"", ""https://xcimg.szwego.com/img/db8ac2c4/20260404/i1775280035315_8643_0_7.jpg"", ""https://xcimg.szwego.com/img/db8ac2c4/20260404/i1775280036795_5871_0_8.jpg""]"
_dltrShTwqWAIz6ZCr4qY4RA9XsgMUmPbBiKTJHA;;27705710 BC*2026New New·新款休闲裤 颜色 黑 灰 蓝 码数 48-56（M-3XL）;0;;lrg3k8cd5bgw3jv;;Для мужчин;"[""https://xcimg.szwego.com/img/db8ac2c4/20260402/i1775105390357_5185_0_0.jpg"", ""https://xcimg.szwego.com/img/db8ac2c4/20260402/i1775105386896_5031_0_1.jpg"", ""https://xcimg.szwego.com/img/db8ac2c4/20260402/i1775105393094_486_0_2.jpg"", ""https://xcimg.szwego.com/img/db8ac2c4/20260402/i1775105393071_903_0_3.jpg"", ""https://xcimg.szwego.com/img/db8ac2c4/20260402/i1775105390427_8824_0_4.jpg"", ""https://xcimg.szwego.com/img/db8ac2c4/20260402/i1775105390330_6519_0_5.jpg"", ""https://xcimg.szwego.com/img/db8ac2c4/20260402/i1775105386852_4265_0_6.jpg"", ""https://xcimg.szwego.com/img/db8ac2c4/20260402/i1775105390284_9116_0_7.jpg"", ""https://xcimg.szwego.com/img/db8ac2c4/20260402/i1775105393069_4340_0_8.jpg""]"
_dwVrSEt70dP1xvR0Q-5ahTnK0j7AAuOMFwS8R7w;;2J321-195 Zegna*2025New New·早秋夹克新款 颜色 桔 黑 米 码数 48-56（M-3XL）;0;;lrg3k8cd5bgw3jv;;Для мужчин;"[""https://xcimg.szwego.com/img/db8ac2c4/20250914/i1757825476381_9336_0_0.jpg"", ""https://xcimg.szwego.com/img/db8ac2c4/20250914/i1757825476359_3793_0_7.jpg"", ""https://xcimg.szwego.com/img/db8ac2c4/20250914/i1757825478510_774_0_6.jpg"", ""https://xcimg.szwego.com/img/db8ac2c4/20250914/i1757825476358_446_0_5.jpg"", ""https://xcimg.szwego.com/img/db8ac2c4/20250914/i1757825476358_6610_0_1.jpg"", ""https://xcimg.szwego.com/img/db8ac2c4/20250914/i1757825478481_4569_0_2.jpg"", ""https://xcimg.szwego.com/img/db8ac2c4/20250914/i1757825478446_5299_0_3.jpg"", ""https://xcimg.szwego.com/img/db8ac2c4/20250914/i1757825478464_1845_0_4.jpg"", ""https://xcimg.szwego.com/img/db8ac2c4/20250914/i1757825476359_8356_0_8.jpg""]"
_dd8rSlr4KKMKFhG6JpB_yd04rtwLz6kTg7EonOA;;3J32120 Zegna*2025New New早秋新款夹克薄棉 颜色 桔 黑 白 码数 白48-56（M-3XL） 黑 桔48-58（M-4XL）;0;;lrg3k8cd5bgw3jv;;Для мужчин;"[""https://xcimg.szwego.com/img/db8ac2c4/20250913/i1757748996517_9016_0_0.jpg"", ""https://xcimg.szwego.com/img/db8ac2c4/20250913/i1757748996415_1067_0_6.jpg"", ""https://xcimg.szwego.com/img/db8ac2c4/20250913/i1757748994837_9096_0_7.jpg"", ""https://xcimg.szwego.com/img/db8ac2c4/20250913/i1757748994809_8309_0_5.jpg"", ""https://xcimg.szwego.com/img/db8ac2c4/20250913/i1757748996448_4850_0_1.jpg"", ""https://xcimg.szwego.com/img/db8ac2c4/20250913/i1757748994808_334_0_2.jpg"", ""https://xcimg.szwego.com/img/db8ac2c4/20250913/i1757748994808_1899_0_3.jpg"", ""https://xcimg.szwego.com/img/db8ac2c4/20250913/i1757748994809_3029_0_4.jpg"", ""https://xcimg.szwego.com/img/db8ac2c4/20250913/i1757748996504_3898_0_8.jpg""]"
_dzIrS5qfYvYem9ExyT_mTfLBj_xKZAS4yZ80LfQ;;BC 柜同步老钱系列拖鞋 顶级原单货 工厂直销 码数：39-45;0;;lrg3k8cd5bgw3jv;;Для мужчин;"[""https://xcimg.szwego.com/img/db8ac2c4/20260422/i1776839323583_4226_0_0.jpg"", ""https://xcimg.szwego.com/img/db8ac2c4/20260422/i1776839322194_6459_0_1.jpg"", ""https://xcimg.szwego.com/img/db8ac2c4/20260422/i1776839322301_2051_0_2.jpg"", ""https://xcimg.szwego.com/img/db8ac2c4/20260422/i1776839322203_9401_0_3.jpg"", ""https://xcimg.szwego.com/img/db8ac2c4/20260422/i1776839322257_5851_0_4.jpg"", ""https://xcimg.szwego.com/img/db8ac2c4/20260422/i1776839322260_9424_0_5.jpg""]"
_dwkrSDgq2YiNe6igmH2kKS41MLrxXhPQpNI2NaA;;BC 柜同步老钱系列拖鞋 顶级原单货 工厂直销 码数：39-45;0;;lrg3k8cd5bgw3jv;;Для мужчин;"[""https://xcimg.szwego.com/img/db8ac2c4/20260422/i1776839114805_5122_0_0.jpg"", ""https://xcimg.szwego.com/img/db8ac2c4/20260422/i1776839114715_5676_0_1.jpg"", ""https://xcimg.szwego.com/img/db8ac2c4/20260422/i1776839114823_1355_0_2.jpg"", ""https://xcimg.szwego.com/img/db8ac2c4/20260422/i1776839118734_9009_0_3.jpg"", ""https://xcimg.szwego.com/img/db8ac2c4/20260422/i1776839114798_497_0_4.jpg"", ""https://xcimg.szwego.com/img/db8ac2c4/20260422/i1776839117170_5714_0_5.jpg""]"
_dh4rSgvWGa_8SF4dvr4ma3lY9AiwjR9b8lrC8ZA;;BC 柜同步老钱系列拖鞋 顶级原单货 工厂直销 码数：39-45;0;;lrg3k8cd5bgw3jv;;Для мужчин;"[""https://xcimg.szwego.com/img/db8ac2c4/20260422/i1776838929570_8585_0_0.jpg"", ""https://xcimg.szwego.com/img/db8ac2c4/20260422/i1776838929570_9375_0_1.jpg"", ""https://xcimg.szwego.com/img/db8ac2c4/20260422/i1776838929570_5505_0_2.jpg"", ""https://xcimg.szwego.com/img/db8ac2c4/20260422/i1776838929570_1402_0_3.jpg"", ""https://xcimg.szwego.com/img/db8ac2c4/20260422/i1776838929572_7504_0_4.jpg"", ""https://xcimg.szwego.com/img/db8ac2c4/20260422/i1776838931134_4193_0_5.jpg""]"
_djirSLE2Qq7gxBXJpa_CnHUiib9Ra0lW8iVfVSg;;BC 柜同步老钱系列拖鞋 顶级原单货 工厂直销 码数：39-45;0;;lrg3k8cd5bgw3jv;;Для мужчин;"[""https://xcimg.szwego.com/img/db8ac2c4/20260422/i1776838430957_5597_0_0.jpg"", ""https://xcimg.szwego.com/img/db8ac2c4/20260422/i1776838429526_9458_0_1.jpg"", ""https://xcimg.szwego.com/img/db8ac2c4/20260422/i1776838429469_6939_0_2.jpg"", ""https://xcimg.szwego.com/img/db8ac2c4/20260422/i1776838429404_7547_0_3.jpg"", ""https://xcimg.szwego.com/img/db8ac2c4/20260422/i1776838429404_6632_0_4.jpg"", ""https://xcimg.szwego.com/img/db8ac2c4/20260422/i1776838429499_9864_0_5.jpg""]"
_djdrSEyKTFFGd239oCi3gijXXys6f0Z4x3f4QeQ;;BC 柜同步老钱系列拖鞋 顶级原单货 工厂直销 码数：39-45;0;;lrg3k8cd5bgw3jv;;Для мужчин;"[""https://xcimg.szwego.com/img/db8ac2c4/20260422/i1776837815919_1275_0_0.jpg"", ""https://xcimg.szwego.com/img/db8ac2c4/20260422/i1776837815926_9009_0_1.jpg"", ""https://xcimg.szwego.com/img/db8ac2c4/20260422/i1776837815846_3046_0_2.jpg"", ""https://xcimg.szwego.com/img/db8ac2c4/20260422/i1776837816781_448_0_3.jpg"", ""https://xcimg.szwego.com/img/db8ac2c4/20260422/i1776837815874_3616_0_4.jpg"", ""https://xcimg.szwego.com/img/db8ac2c4/20260422/i1776837815878_8972_0_5.jpg""]"
_d9wrSHuDFth7cC3JUhZQfjTUTBLZ1FxD_XH6Ycw;;BC 柜同步老钱系列拖鞋 顶级原单货 工厂直销 码数：39-45;0;;lrg3k8cd5bgw3jv;;Для мужчин;"[""https://xcimg.szwego.com/img/db8ac2c4/20260422/i1776837341575_2208_0_0.jpg"", ""https://xcimg.szwego.com/img/db8ac2c4/20260422/i1776837341474_7342_0_1.jpg"", ""https://xcimg.szwego.com/img/db8ac2c4/20260422/i1776837341587_4884_0_2.jpg"", ""https://xcimg.szwego.com/img/db8ac2c4/20260422/i1776837341546_4653_0_3.jpg"", ""https://xcimg.szwego.com/img/db8ac2c4/20260422/i1776837342625_6849_0_4.jpg"", ""https://xcimg.szwego.com/img/db8ac2c4/20260422/i1776837341474_2009_0_5.jpg""]"
_dkJrS7YygtqPEqoRc5gbzWTwwBSGTAJVzt_grHA;;BC 柜同步老钱系列拖鞋 顶级原单货 工厂直销 码数：39-45;0;;lrg3k8cd5bgw3jv;;Для мужчин;"[""https://xcimg.szwego.com/img/db8ac2c4/20260422/i1776837093466_4977_0_0.jpg"", ""https://xcimg.szwego.com/img/db8ac2c4/20260422/i1776837093522_9973_0_1.jpg"", ""https://xcimg.szwego.com/img/db8ac2c4/20260422/i1776837094679_7768_0_4.jpg"", ""https://xcimg.szwego.com/img/db8ac2c4/20260422/i1776837093326_4241_0_2.jpg"", ""https://xcimg.szwego.com/img/db8ac2c4/20260422/i1776837093419_6873_0_3.jpg"", ""https://xcimg.szwego.com/img/db8ac2c4/20260422/i1776837093357_1205_0_5.jpg""]"
_dv-rSFsxAtnDi4I9mtomIecArlfVX6Efh0cGNtQ;;BC 柜同步老钱系列拖鞋 顶级原单货 工厂直销 码数：39-45;0;;lrg3k8cd5bgw3jv;;Для мужчин;"[""https://xcimg.szwego.com/img/db8ac2c4/20260422/i1776836767504_7424_0_0.jpg"", ""https://xcimg.szwego.com/img/db8ac2c4/20260422/i1776836766084_0_0_1.jpg"", ""https://xcimg.szwego.com/img/db8ac2c4/20260422/i1776836766151_8490_0_2.jpg"", ""https://xcimg.szwego.com/img/db8ac2c4/20260422/i1776836766094_2368_0_4.jpg"", ""https://xcimg.szwego.com/img/db8ac2c4/20260422/i1776836766084_338_0_5.jpg"", ""https://xcimg.szwego.com/img/db8ac2c4/20260422/i1776836766151_9547_0_3.jpg""]"
_dsIrSA2VetB91XZ4bZb5N4pSqEsC1MxLyl-5HGQ;;1N70785 BC*2026New New·新款牛仔裤 颜色 蓝色 码数30-31-32-33-34-36-38;0;;lrg3k8cd5bgw3jv;;Для мужчин;"[""https://xcimg.szwego.com/img/db8ac2c4/20260402/i1775106330351_8418_0_0.jpg"", ""https://xcimg.szwego.com/img/db8ac2c4/20260402/i1775106330516_7230_0_1.jpg"", ""https://xcimg.szwego.com/img/db8ac2c4/20260402/i1775106330483_9230_0_2.jpg"", ""https://xcimg.szwego.com/img/db8ac2c4/20260402/i1775106330483_9740_0_3.jpg"", ""https://xcimg.szwego.com/img/db8ac2c4/20260402/i1775106332541_7295_0_4.jpg"", ""https://xcimg.szwego.com/img/db8ac2c4/20260402/i1775106330555_2647_0_5.jpg""]"
_dbNrS03SR6o2dVeiIsN8VEo_3vDwl8hwGK6JzIw;;1N71895 Zegna*2026New New·新款牛仔裤 颜色 咖 码数30-31-32-33-34-36-38;0;;lrg3k8cd5bgw3jv;;Для мужчин;"[""https://xcimg.szwego.com/img/db8ac2c4/20260402/i1775108896114_6881_0_0.jpg"", ""https://xcimg.szwego.com/img/db8ac2c4/20260402/i1775108895904_8421_0_1.jpg"", ""https://xcimg.szwego.com/img/db8ac2c4/20260402/i1775108895893_5568_0_2.jpg"", ""https://xcimg.szwego.com/img/db8ac2c4/20260402/i1775108895971_6543_0_3.jpg"", ""https://xcimg.szwego.com/img/db8ac2c4/20260402/i1775108895774_9662_0_4.jpg"", ""https://xcimg.szwego.com/img/db8ac2c4/20260402/i1775108897984_7490_0_5.jpg""]"
_d_brS_X8OI8_xoiNlFHePPQPKdJSFJe_9e43QGw;;1N72085 Zegna*2026New New·新款牛仔裤 颜色 蓝色 码数30-31-32-33-34-36-38;0;;lrg3k8cd5bgw3jv;;Для мужчин;"[""https://xcimg.szwego.com/img/db8ac2c4/20260402/i1775106808538_5709_0_0.jpg"", ""https://xcimg.szwego.com/img/db8ac2c4/20260402/i1775106808460_9744_0_1.jpg"", ""https://xcimg.szwego.com/img/db8ac2c4/20260402/i1775106808460_1691_0_2.jpg"", ""https://xcimg.szwego.com/img/db8ac2c4/20260402/i1775106808475_1997_0_3.jpg"", ""https://xcimg.szwego.com/img/db8ac2c4/20260402/i1775106808459_8547_0_4.jpg"", ""https://xcimg.szwego.com/img/db8ac2c4/20260402/i1775106812295_835_0_5.jpg""]"
_dcxrSETUxPgx52J6ATmCz1AvJaMyoDZi7xaBpVA;;27705620 BC*2026New New·新款休闲裤 颜色 白 蓝 绿 黑 码数 30-38;0;;lrg3k8cd5bgw3jv;;Для мужчин;"[""https://xcimg.szwego.com/img/db8ac2c4/20260408/i1775631221117_6009_0_0.jpg"", ""https://xcimg.szwego.com/img/db8ac2c4/20260408/i1775631221301_4959_0_1.jpg"", ""https://xcimg.szwego.com/img/db8ac2c4/20260408/i1775631221292_5381_0_2.jpg"", ""https://xcimg.szwego.com/img/db8ac2c4/20260408/i1775631220188_8802_0_3.jpg"", ""https://xcimg.szwego.com/img/db8ac2c4/20260408/i1775631220118_2097_0_4.jpg"", ""https://xcimg.szwego.com/img/db8ac2c4/20260408/i1775631221234_7845_0_5.jpg"", ""https://xcimg.szwego.com/img/db8ac2c4/20260408/i1775631219996_1822_0_6.jpg"", ""https://xcimg.szwego.com/img/db8ac2c4/20260408/i1775631220230_4888_0_7.jpg"", ""https://xcimg.szwego.com/img/db8ac2c4/20260408/i1775631220146_3540_0_8.jpg""]"
_dxxrSF0SGb9T2xCW9YwD211PY6-x-djLipHnIZg;;27706220 Zegna*2026New New·新款休闲裤 颜色 白 黑 卡其 咖 码数 30-38;0;;lrg3k8cd5bgw3jv;;Для мужчин;"[""https://xcimg.szwego.com/img/db8ac2c4/20260328/i1774673373236_6586_0_0.jpg"", ""https://xcimg.szwego.com/img/db8ac2c4/20260328/i1774673373083_7600_0_1.jpg"", ""https://xcimg.szwego.com/img/db8ac2c4/20260328/i1774673374883_3897_0_2.jpg"", ""https://xcimg.szwego.com/img/db8ac2c4/20260328/i1774673374862_7925_0_3.jpg"", ""https://xcimg.szwego.com/img/db8ac2c4/20260328/i1774673373241_5502_0_4.jpg"", ""https://xcimg.szwego.com/img/db8ac2c4/20260328/i1774673373083_8538_0_5.jpg"", ""https://xcimg.szwego.com/img/db8ac2c4/20260328/i1774673374915_2509_0_6.jpg"", ""https://xcimg.szwego.com/img/db8ac2c4/20260328/i1774673373243_1441_0_7.jpg"", ""https://xcimg.szwego.com/img/db8ac2c4/20260328/i1774673374911_1531_0_8.jpg""]"
_dkFrSzRfo5ItygR2oaBPY0Sipgpw3D8xk09pR1w;;23619120 LP*2026New New·西裤 颜色 杏 蓝 咖 码数 48-56（M-3XL）;0;;lrg3k8cd5bgw3jv;;Для мужчин;"[""https://xcimg.szwego.com/img/db8ac2c4/20260416/i1776316144838_9430_0_0.jpg"", ""https://xcimg.szwego.com/img/db8ac2c4/20260416/i1776316144583_7015_0_1.jpg"", ""https://xcimg.szwego.com/img/db8ac2c4/20260416/i1776316146494_8390_0_2.jpg"", ""https://xcimg.szwego.com/img/db8ac2c4/20260416/i1776316146456_6137_0_3.jpg"", ""https://xcimg.szwego.com/img/db8ac2c4/20260416/i1776316146504_7121_0_4.jpg"", ""https://xcimg.szwego.com/img/db8ac2c4/20260416/i1776316144842_7401_0_5.jpg"", ""https://xcimg.szwego.com/img/db8ac2c4/20260416/i1776316144716_8582_0_6.jpg"", ""https://xcimg.szwego.com/img/db8ac2c4/20260416/i1776316144815_3679_0_7.jpg"", ""https://xcimg.szwego.com/img/db8ac2c4/20260416/i1776316146409_1519_0_8.jpg""]"
_dJvrSrGW4etxDR0AyexeieAH6PROweifWE210bA;;76008 Zegna*2026New New·新款裤子 颜色 杏 蓝 桔 咖 绿 码数 30-38;0;;lrg3k8cd5bgw3jv;;Для мужчин;"[""https://xcimg.szwego.com/img/db8ac2c4/20260418/i1776491065994_2237_0_0.jpg"", ""https://xcimg.szwego.com/img/db8ac2c4/20260418/i1776491067652_8744_0_1.jpg"", ""https://xcimg.szwego.com/img/db8ac2c4/20260418/i1776491065995_4950_0_2.jpg"", ""https://xcimg.szwego.com/img/db8ac2c4/20260418/i1776491066158_8735_0_3.jpg"", ""https://xcimg.szwego.com/img/db8ac2c4/20260418/i1776491067765_269_0_4.jpg"", ""https://xcimg.szwego.com/img/db8ac2c4/20260418/i1776491066083_4137_0_5.jpg"", ""https://xcimg.szwego.com/img/db8ac2c4/20260418/i1776491068806_2519_0_6.jpg"", ""https://xcimg.szwego.com/img/db8ac2c4/20260418/i1776491066057_9428_0_7.jpg"", ""https://xcimg.szwego.com/img/db8ac2c4/20260418/i1776491067687_6155_0_8.jpg"", ""https://xcimg.szwego.com/img/db8ac2c4/20260418/i1776491067723_2202_0_9.jpg"", ""https://xcimg.szwego.com/img/db8ac2c4/20260418/i1776491067731_9155_0_10.jpg""]"
_db4rSikTW87PUKJX3MaN39Iqh5GNCzbLcXRHV_Q;;76007 BC*2026New New·新款西裤 颜色 浅咖 浅灰 码数30-31-32-33-34-36-38;0;;lrg3k8cd5bgw3jv;;Для мужчин;"[""https://xcimg.szwego.com/img/db8ac2c4/20260415/i1776237934118_3009_0_0.jpg"", ""https://xcimg.szwego.com/img/db8ac2c4/20260415/i1776237933946_8119_0_1.jpg"", ""https://xcimg.szwego.com/img/db8ac2c4/20260415/i1776237934172_6681_0_2.jpg"", ""https://xcimg.szwego.com/img/db8ac2c4/20260415/i1776237934196_1742_0_3.jpg"", ""https://xcimg.szwego.com/img/db8ac2c4/20260415/i1776237934401_9915_0_4.jpg"", ""https://xcimg.szwego.com/img/db8ac2c4/20260415/i1776237936858_330_0_5.jpg""]"
_dF_rSbVkUYoF0m3CBbHvOEhxgRIcN86mwHvLfAA;;68025 LP*2026New New·新款休闲裤 颜色 白 黑 卡其 咖 码数 30-38;0;;lrg3k8cd5bgw3jv;;Для мужчин;"[""https://xcimg.szwego.com/img/db8ac2c4/20260413/i1776066559362_3512_0_0.jpg"", ""https://xcimg.szwego.com/img/db8ac2c4/20260413/i1776066557392_6073_0_1.jpg"", ""https://xcimg.szwego.com/img/db8ac2c4/20260413/i1776066557392_9942_0_2.jpg"", ""https://xcimg.szwego.com/img/db8ac2c4/20260413/i1776066559296_6427_0_3.jpg"", ""https://xcimg.szwego.com/img/db8ac2c4/20260413/i1776066557508_9132_0_4.jpg"", ""https://xcimg.szwego.com/img/db8ac2c4/20260413/i1776066559318_8230_0_5.jpg"", ""https://xcimg.szwego.com/img/db8ac2c4/20260413/i1776066559418_4264_0_6.jpg"", ""https://xcimg.szwego.com/img/db8ac2c4/20260413/i1776066557400_5182_0_7.jpg"", ""https://xcimg.szwego.com/img/db8ac2c4/20260413/i1776066557461_4460_0_8.jpg""]"
_diHrS0HZRNk6HDxgm64ZiAIEb2Ya7wswzs4iL3Q;;27701565 LP*2026New New·新款休闲裤 颜色 薄荷绿 卡其 码数48-56;0;;lrg3k8cd5bgw3jv;;Для мужчин;"[""https://xcimg.szwego.com/img/db8ac2c4/20260403/i1775194821431_1358_0_0.jpg"", ""https://xcimg.szwego.com/img/db8ac2c4/20260403/i1775194823017_5902_0_1.jpg"", ""https://xcimg.szwego.com/img/db8ac2c4/20260403/i1775194821467_4865_0_2.jpg"", ""https://xcimg.szwego.com/img/db8ac2c4/20260403/i1775194821501_8119_0_3.jpg"", ""https://xcimg.szwego.com/img/db8ac2c4/20260403/i1775194847587_831_0_8.jpg"", ""https://xcimg.szwego.com/img/db8ac2c4/20260403/i1775194821432_4995_0_4.jpg"", ""https://xcimg.szwego.com/img/db8ac2c4/20260403/i1775194823039_671_0_5.jpg"", ""https://xcimg.szwego.com/img/db8ac2c4/20260403/i1775194821516_7766_0_6.jpg"", ""https://xcimg.szwego.com/img/db8ac2c4/20260403/i1775194823046_8596_0_7.jpg""]"
_ddqrS81XFpxArCoFmVRlw5Tpc6GDsyNJRWWsbMg;;27705520 ZEGNA*2026New New·新款裤子 颜色 杏 灰 深蓝 黑 码数 30-38 没有35 37;0;;lrg3k8cd5bgw3jv;;Для мужчин;"[""https://xcimg.szwego.com/img/db8ac2c4/20260309/i1773033831470_9380_0_0.jpg"", ""https://xcimg.szwego.com/img/db8ac2c4/20260309/i1773033832625_6439_0_1.jpg"", ""https://xcimg.szwego.com/img/db8ac2c4/20260309/i1773033831409_1131_0_2.jpg"", ""https://xcimg.szwego.com/img/db8ac2c4/20260309/i1773033831523_9906_0_3.jpg"", ""https://xcimg.szwego.com/img/db8ac2c4/20260309/i1773033831631_1207_0_4.jpg"", ""https://xcimg.szwego.com/img/db8ac2c4/20260309/i1773033832542_4757_0_5.jpg"", ""https://xcimg.szwego.com/img/db8ac2c4/20260309/i1773033831617_8098_0_6.jpg"", ""https://xcimg.szwego.com/img/db8ac2c4/20260309/i1773033832605_7579_0_7.jpg"", ""https://xcimg.szwego.com/img/db8ac2c4/20260309/i1773033832536_8817_0_8.jpg""]"
_dmdrSOI8mxrUuAHDCRHdLpD1kg_trhA5cbkHjAw;;27705020 Kiton*2026New New·新款裤子 颜色 白 深蓝 咖 黑 码数 48-56（M-3XL）;0;;lrg3k8cd5bgw3jv;;Для мужчин;"[""https://xcimg.szwego.com/img/db8ac2c4/20260309/i1773033286126_7644_0_0.jpg"", ""https://xcimg.szwego.com/img/db8ac2c4/20260309/i1773033284656_2387_0_1.jpg"", ""https://xcimg.szwego.com/img/db8ac2c4/20260309/i1773033286095_2728_0_2.jpg"", ""https://xcimg.szwego.com/img/db8ac2c4/20260309/i1773033284884_9204_0_4.jpg"", ""https://xcimg.szwego.com/img/db8ac2c4/20260309/i1773033284759_7131_0_5.jpg"", ""https://xcimg.szwego.com/img/db8ac2c4/20260309/i1773033286079_8432_0_8.jpg"", ""https://xcimg.szwego.com/img/db8ac2c4/20260309/i1773033284808_7394_0_6.jpg"", ""https://xcimg.szwego.com/img/db8ac2c4/20260309/i1773033284768_1831_0_7.jpg"", ""https://xcimg.szwego.com/img/db8ac2c4/20260309/i1773033286113_1341_0_3.jpg""]"
_d82rS55u1naznK_SOeZF9usrasU99VFGz9hOV3Q;;26802420 BC*2026New New·新款休闲裤 颜色 米 灰 克 码数30-31-32-33-34-36-38;0;;lrg3k8cd5bgw3jv;;Для мужчин;"[""https://xcimg.szwego.com/img/db8ac2c4/20260202/i1770006816003_2541_0_0.jpg"", ""https://xcimg.szwego.com/img/db8ac2c4/20260202/i1770006815918_7357_0_1.jpg"", ""https://xcimg.szwego.com/img/db8ac2c4/20260202/i1770006814798_6105_0_2.jpg"", ""https://xcimg.szwego.com/img/db8ac2c4/20260202/i1770006815002_1411_0_4.jpg"", ""https://xcimg.szwego.com/img/db8ac2c4/20260202/i1770006815023_2408_0_5.jpg"", ""https://xcimg.szwego.com/img/db8ac2c4/20260202/i1770006816000_6137_0_6.jpg"", ""https://xcimg.szwego.com/img/db8ac2c4/20260202/i1770006816047_651_0_7.jpg"", ""https://xcimg.szwego.com/img/db8ac2c4/20260202/i1770006814759_7626_0_3.jpg"", ""https://xcimg.szwego.com/img/db8ac2c4/20260202/i1770006814930_9290_0_8.jpg""]"
_dpSrSH5zPz2OmQgU0VZP43Nc_KSXrmpROB7Tirw;;27200205 Zegna*2026New New·新款休闲裤 颜色 白 酒红 咖 黑 码数48-58;0;;lrg3k8cd5bgw3jv;;Для мужчин;"[""https://xcimg.szwego.com/img/db8ac2c4/20260209/i1770612289608_2300_0_0.jpg"", ""https://xcimg.szwego.com/img/db8ac2c4/20260209/i1770612288595_9900_0_1.jpg"", ""https://xcimg.szwego.com/img/db8ac2c4/20260209/i1770612289659_5766_0_2.jpg"", ""https://xcimg.szwego.com/img/db8ac2c4/20260209/i1770612288641_7507_0_3.jpg"", ""https://xcimg.szwego.com/img/db8ac2c4/20260209/i1770612289622_3211_0_4.jpg"", ""https://xcimg.szwego.com/img/db8ac2c4/20260209/i1770612288435_6612_0_5.jpg"", ""https://xcimg.szwego.com/img/db8ac2c4/20260209/i1770612288409_4462_0_7.jpg"", ""https://xcimg.szwego.com/img/db8ac2c4/20260209/i1770612289519_678_0_6.jpg"", ""https://xcimg.szwego.com/img/db8ac2c4/20260209/i1770612288627_6159_0_8.jpg""]"
_dhXrS5iBRrSYajTSe3h-RGwDE-Nbs-Dz2QnstSQ;;27600520 Buoni*2026New New·新款休闲裤 颜色 蓝 咖 灰 码数 30-40(无37 39）;0;;lrg3k8cd5bgw3jv;;Для мужчин;"[""https://xcimg.szwego.com/img/db8ac2c4/20260325/i1774415798944_5099_0_0.jpg"", ""https://xcimg.szwego.com/img/db8ac2c4/20260325/i1774415798943_534_0_1.jpg"", ""https://xcimg.szwego.com/img/db8ac2c4/20260325/i1774415797417_8270_0_2.jpg"", ""https://xcimg.szwego.com/img/db8ac2c4/20260325/i1774415797456_843_0_3.jpg"", ""https://xcimg.szwego.com/img/db8ac2c4/20260325/i1774415798953_9099_0_4.jpg"", ""https://xcimg.szwego.com/img/db8ac2c4/20260325/i1774415797137_2676_0_5.jpg"", ""https://xcimg.szwego.com/img/db8ac2c4/20260325/i1774415798918_6884_0_6.jpg"", ""https://xcimg.szwego.com/img/db8ac2c4/20260325/i1774415797127_326_0_7.jpg"", ""https://xcimg.szwego.com/img/db8ac2c4/20260325/i1774415797452_6332_0_8.jpg""]"
_diNrSvwB_ANFQENOIK9441mohABuDEHeCEYiz4g;;27200730 BC*2026New New·新款休闲裤 颜色 浅灰 灰蓝 码数 48-58（M-4XL）;0;;lrg3k8cd5bgw3jv;;Для мужчин;"[""https://xcimg.szwego.com/img/db8ac2c4/20260318/i1773813629532_6028_0_0.jpg"", ""https://xcimg.szwego.com/img/db8ac2c4/20260318/i1773813628264_5682_0_1.jpg"", ""https://xcimg.szwego.com/img/db8ac2c4/20260318/i1773813628312_9792_0_2.jpg"", ""https://xcimg.szwego.com/img/db8ac2c4/20260318/i1773813629502_2661_0_3.jpg"", ""https://xcimg.szwego.com/img/db8ac2c4/20260318/i1773813628340_3287_0_4.jpg"", ""https://xcimg.szwego.com/img/db8ac2c4/20260318/i1773813628232_9563_0_5.jpg"", ""https://xcimg.szwego.com/img/db8ac2c4/20260318/i1773813628346_8116_0_6.jpg"", ""https://xcimg.szwego.com/img/db8ac2c4/20260318/i1773813629465_7586_0_7.jpg"", ""https://xcimg.szwego.com/img/db8ac2c4/20260318/i1773813629490_5836_0_8.jpg""]"
_dxZrSdmT8sQpNBdGDI3pI5GAO5F-mE6AnvoeJBA;;27703720 LP*2026New New·新款休闲裤 颜色 白 蓝 码数 30-38;0;;lrg3k8cd5bgw3jv;;Для мужчин;"[""https://xcimg.szwego.com/img/db8ac2c4/20260127/i1769490419136_9889_0_0.jpg"", ""https://xcimg.szwego.com/img/db8ac2c4/20260127/i1769490419239_5016_0_1.jpg"", ""https://xcimg.szwego.com/img/db8ac2c4/20260127/i1769490420134_5525_0_2.jpg"", ""https://xcimg.szwego.com/img/db8ac2c4/20260127/i1769490419149_3984_0_3.jpg"", ""https://xcimg.szwego.com/img/db8ac2c4/20260127/i1769490420087_6312_0_4.jpg"", ""https://xcimg.szwego.com/img/db8ac2c4/20260127/i1769490419408_1445_0_5.jpg"", ""https://xcimg.szwego.com/img/db8ac2c4/20260127/i1769490420297_3918_0_6.jpg"", ""https://xcimg.szwego.com/img/db8ac2c4/20260127/i1769490420208_1963_0_7.jpg"", ""https://xcimg.szwego.com/img/db8ac2c4/20260127/i1769490419270_5818_0_8.jpg""]"
_djTrSSbBblG7B45kQwOn3_nsS0YyObF6I9UZB6g;;1AW0585 Zegna*新作业·休闲裤早秋款现货 颜色 黑 白 码数30-38;0;;lrg3k8cd5bgw3jv;;Для мужчин;"[""https://xcimg.szwego.com/img/db8ac2c4/20250827/i1756272677122_1640_0_0.jpg"", ""https://xcimg.szwego.com/img/db8ac2c4/20250827/i1756272676900_775_0_1.jpg"", ""https://xcimg.szwego.com/img/db8ac2c4/20250827/i1756272678613_642_0_3.jpg"", ""https://xcimg.szwego.com/img/db8ac2c4/20250827/i1756272677074_1333_0_4.jpg"", ""https://xcimg.szwego.com/img/db8ac2c4/20250827/i1756272677108_498_0_5.jpg"", ""https://xcimg.szwego.com/img/db8ac2c4/20250827/i1756272677076_6783_0_2.jpg""]"
